Category: All categories,
TOP,
facebook,100
google,56
youtube,54
you,30
weather,20
news,20
mp3,16
gmail,16
hotmail,15
amazon,14
fb,13
mail,13
yahoo,12
translate,12
instagram,10
maps,8
ebay,8
craigslist,7
twitter,7
as,7
face,7
traductor,6
whatsapp,6
meteo,6
bbc,6
,
RISING,
whatsapp web,3650%
google classroom,1700%
satta king,1650%
satta,1450%
123movies,1100%
cricbuzz,1050%
kahoot,1000%
xsmn,800%
donald trump,700%
cuaca,700%
xsmb,650%
iphone 7,550%
mp3 juice,550%
facebook iniciar sesion,550%
satta matka,550%
iphone 8,500%
restaurants near me,450%
airbnb,400%
§ð§ä§å§Ò,350%
bitcoin,300%
roblox,300%
???? ?? ???,300%
clima,300%
facebook entrar,300%
instagram,300%
